{
    "nodes": [
        {
            "id": 0,
            "shape": 1,
            "transform": [
                [
                    1.0,
                    0.0,
                    0.0,
                    0.0
                ],
                [
                    0.0,
                    1.0,
                    0.0,
                    0.0
                ],
                [
                    0.0,
                    0.0,
                    1.0,
                    0.0
                ],
                [
                    0.0,
                    0.0,
                    0.0,
                    1.0
                ]
            ],
            "radius": -1.0,
            "size": [
                3.0,
                3.0,
                0.05
            ],
            "height": -1.0
        },
        {
            "id": 2,
            "shape": 12,
            "transform": [
                [
                    1.0,
                    0.0,
                    0.0,
                    0.0
                ],
                [
                    0.0,
                    1.0,
                    0.0,
                    0.0
                ],
                [
                    0.0,
                    0.0,
                    1.0,
                    0.0
                ],
                [
                    0.0,
                    0.0,
                    0.0,
                    1.0
                ]
            ],
            "radius": -1.0,
            "size": [
                0.6599999999999999,
                0.62,
                0.9099999999999999
            ],
            "height": -1.0
        },
        {
            "id": 3,
            "shape": 13,
            "transform": [
                [
                    1.0,
                    0.0,
                    0.0,
                    0.0
                ],
                [
                    0.0,
                    1.0,
                    0.0,
                    0.0
                ],
                [
                    0.0,
                    0.0,
                    1.0,
                    0.0
                ],
                [
                    0.0,
                    0.0,
                    0.0,
                    1.0
                ]
            ],
            "radius": -1.0,
            "size": [
                0.55,
                0.5,
                0.3
            ],
            "height": -1.0
        },
        {
            "id": 5,
            "shape": 5,
            "transform": [
                [
                    1.0,
                    0.0,
                    0.0,
                    0.0
                ],
                [
                    0.0,
                    1.0,
                    0.0,
                    0.0
                ],
                [
                    0.0,
                    0.0,
                    1.0,
                    0.0
                ],
                [
                    0.0,
                    0.0,
                    0.0,
                    1.0
                ]
            ],
            "radius": -1.0,
            "size": [],
            "height": -1.0,
            "file_path": "/home/user/POG-Demo/pog_example/mesh/cup/cup_t6.stl"
        },
        {
            "id": 6,
            "shape": 1,
            "transform": [
                [
                    1.0,
                    0.0,
                    0.0,
                    0.0
                ],
                [
                    0.0,
                    1.0,
                    0.0,
                    0.0
                ],
                [
                    0.0,
                    0.0,
                    1.0,
                    0.0
                ],
                [
                    0.0,
                    0.0,
                    0.0,
                    1.0
                ]
            ],
            "radius": -1.0,
            "size": [
                0.1,
                0.3,
                0.3
            ],
            "height": -1.0
        },
        {
            "id": 7,
            "shape": 2,
            "transform": [
                [
                    1.0,
                    0.0,
                    0.0,
                    0.0
                ],
                [
                    0.0,
                    1.0,
                    0.0,
                    0.0
                ],
                [
                    0.0,
                    0.0,
                    1.0,
                    0.0
                ],
                [
                    0.0,
                    0.0,
                    0.0,
                    1.0
                ]
            ],
            "radius": 0.1,
            "size": [],
            "height": 0.1
        },
        {
            "id": 8,
            "shape": 1,
            "transform": [
                [
                    1.0,
                    0.0,
                    0.0,
                    0.0
                ],
                [
                    0.0,
                    1.0,
                    0.0,
                    0.0
                ],
                [
                    0.0,
                    0.0,
                    1.0,
                    0.0
                ],
                [
                    0.0,
                    0.0,
                    0.0,
                    1.0
                ]
            ],
            "radius": -1.0,
            "size": [
                0.1,
                0.2,
                0.2
            ],
            "height": -1.0
        },
        {
            "id": 9,
            "shape": 5,
            "transform": [
                [
                    1.0,
                    0.0,
                    0.0,
                    0.0
                ],
                [
                    0.0,
                    1.0,
                    0.0,
                    0.0
                ],
                [
                    0.0,
                    0.0,
                    1.0,
                    0.0
                ],
                [
                    0.0,
                    0.0,
                    0.0,
                    1.0
                ]
            ],
            "radius": -1.0,
            "size": [],
            "height": -1.0,
            "file_path": "/home/user/POG-Demo/pog_example/mesh/cup/cup_t8.stl"
        },
        {
            "id": 99,
            "shape": 1,
            "transform": [
                [
                    1.0,
                    0.0,
                    0.0,
                    0.0
                ],
                [
                    0.0,
                    1.0,
                    0.0,
                    0.0
                ],
                [
                    0.0,
                    0.0,
                    1.0,
                    0.0
                ],
                [
                    0.0,
                    0.0,
                    0.0,
                    1.0
                ]
            ],
            "radius": -1.0,
            "size": [
                1.2,
                1.2,
                0.6
            ],
            "height": -1.0
        }
    ],
    "edges": [
        {
            "parent": 0,
            "child": 99,
            "relations": {
                "Support": {
                    "parent": "box_aff_pz",
                    "child": "box_aff_nz",
                    "dof": "fixed",
                    "pose": [
                        0,
                        0,
                        0
                    ]
                }
            }
        },
        {
            "parent": 99,
            "child": 2,
            "relations": {
                "Support": {
                    "parent": "box_aff_pz",
                    "child": "cabinet_outer_bottom",
                    "dof": "fixed",